comunidad,provincia,municipio,dominio,poblacion,email
Galicia,La Coruña,Paderne,http://concellodepaderne.com/,2.394,logo-dark@2x.png
Galicia,La Coruña,Paderne,http://concellodepaderne.com/,2.394,logo@2x.png
Galicia,La Coruña,Paderne,http://concellodepaderne.com/,2.394,correo@concellodepaderne.com
Galicia,La Coruña,Paderne,http://concellodepaderne.com/,2.394,cafenavedo@hotmail.com
Galicia,La Coruña,Paderne,http://concellodepaderne.com/,2.394,gloriy_isabel_12@hotmail.com
Galicia,La Coruña,Paderne,http://concellodepaderne.com/,2.394,soniafreiregolpe@gmail.com
Galicia,La Coruña,Paderne,http://concellodepaderne.com/,2.394,info@casaalbatros.es
Galicia,La Coruña,Paderne,http://concellodepaderne.com/,2.394,info@muinosdomainzoso.es
Galicia,La Coruña,Paderne,http://concellodepaderne.com/,2.394,info@acobacha.com
Galicia,La Coruña,Paderne,http://concellodepaderne.com/,2.394,casadesixto@casadesixto.com
Galicia,La Coruña,Paderne,http://concellodepaderne.com/,2.394,seitura.agricultura.ecoloxica@gmail.com
Galicia,La Coruña,Paderne,http://concellodepaderne.com/,2.394,gerardo.lagares@orballo.eu
Galicia,La Coruña,Paderne,http://concellodepaderne.com/,2.394,adegabeade@gmail.com
Galicia,La Coruña,Paderne,http://concellodepaderne.com/,2.394,conexionmandeo@gmail.com
Galicia,La Coruña,Paderne,http://concellodepaderne.com/,2.394,pirotecnia@rocha-areas.com
Galicia,La Coruña,Paderne,http://concellodepaderne.com/,2.394,info@mocmoc.es
Galicia,La Coruña,Paderne,http://concellodepaderne.com/,2.394,pablo@marmaroutdoor.es
Galicia,La Coruña,Paderne,http://concellodepaderne.com/,2.394,info@golfpaderne.com
Galicia,La Coruña,Paderne,http://concellodepaderne.com/,2.394,fincaregueiral@hotmail.com
Galicia,La Coruña,Paderne,http://concellodepaderne.com/,2.394,corax@corax.es
Galicia,La Coruña,Paderne,http://concellodepaderne.com/,2.394,gloriy_isabel_12@hotmail.co
Galicia,La Coruña,Paderne,http://concellodepaderne.com/,2.394,dpd@concellodepaderne.com
Galicia,La Coruña,Padrón,https://www.murcia.es/web/portal/volante-o-certificado-de-empadronamiento,8.384,aytomu@ayto-murcia.es
Galicia,La Coruña,Padrón,https://www.murcia.es/web/portal/volante-o-certificado-de-empadronamiento,8.384,policia.atencionalciudadano@ayto-murcia.es
Galicia,La Coruña,Ponteceso,https://www.ponteceso.gal/,5.502,concello@ponteceso.net
Galicia,La Coruña,Ponteceso,https://www.ponteceso.gal/,5.502,josemanuel.mato@ponteceso.gal
Galicia,La Coruña,Ponteceso,https://www.ponteceso.gal/,5.502,constantino.fernandez@ponteceso.gal
Galicia,La Coruña,Ponteceso,https://www.ponteceso.gal/,5.502,josefa.bugallo@ponteceso.gal
Galicia,La Coruña,Ponteceso,https://www.ponteceso.gal/,5.502,joseluis.pena@ponteceso.gal
Galicia,La Coruña,Ponteceso,https://www.ponteceso.gal/,5.502,juanramon.vidalo@ponteceso.gal
Galicia,La Coruña,Ponteceso,https://www.ponteceso.gal/,5.502,juanramon.vidal@ponteceso.gal
Galicia,La Coruña,Ponteceso,https://www.ponteceso.gal/,5.502,raquel.fondo@ponteceso.gal
Galicia,La Coruña,Ponteceso,https://www.ponteceso.gal/,5.502,roberto.andrade@ponteceso.gal
Galicia,La Coruña,Ponteceso,https://www.ponteceso.gal/,5.502,xose.garcia@ponteceso.gal
Galicia,La Coruña,Ponteceso,https://www.ponteceso.gal/,5.502,noelia.varela@ponteceso.gal
Galicia,La Coruña,Ponteceso,https://www.ponteceso.gal/,5.502,josemanuel.nunel@ponteceso.gal
Galicia,La Coruña,Ponteceso,https://www.ponteceso.gal/,5.502,consuelo.martinez@ponteceso.gal
Galicia,La Coruña,Ponteceso,https://www.ponteceso.gal/,5.502,fatima.rodriguez@ponteceso.gal
Galicia,La Coruña,Ponteceso,https://www.ponteceso.gal/,5.502,jose.pose@ponteceso.gal
Galicia,La Coruña,Ponteceso,https://www.ponteceso.gal/,5.502,antia.pena@ponteceso.gal
Galicia,La Coruña,Ponteceso,https://www.ponteceso.gal/,5.502,emilio.cainzos@ponteceso.gal
Galicia,La Coruña,Ponteceso,https://www.ponteceso.gal/,5.502,josemanuel@ponteceso.net
Galicia,La Coruña,Ponteceso,https://www.ponteceso.gal/,5.502,natalia.pombo@ponteceso.gal
Galicia,La Coruña,Ponteceso,https://www.ponteceso.gal/,5.502,dolores.cousillas@ponteceso.gal
Galicia,La Coruña,Ponteceso,https://www.ponteceso.gal/,5.502,ana.perez@ponteceso.gal
Galicia,La Coruña,Ponteceso,https://www.ponteceso.gal/,5.502,desiree.facal@ponteceso.gal
Galicia,La Coruña,Ponteceso,https://www.ponteceso.gal/,5.502,maria.garcia@ponteceso.gal
Galicia,La Coruña,Ponteceso,https://www.ponteceso.gal/,5.502,francisco.ulloa@ponteceso.gal
Galicia,La Coruña,Ponteceso,https://www.ponteceso.gal/,5.502,fernando.naya@ponteceso.gal
Galicia,La Coruña,Ponteceso,https://www.ponteceso.gal/,5.502,joseantonio.lopez@ponteceso.gal
Galicia,La Coruña,Ponteceso,https://www.ponteceso.gal/,5.502,rosario.canosa@ponteceso.gal
Galicia,La Coruña,Ponteceso,https://www.ponteceso.gal/,5.502,karina.gerpe@ponteceso.gal
Galicia,La Coruña,Ponteceso,https://www.ponteceso.gal/,5.502,dolores.blanco@ponteceso.gal
Galicia,La Coruña,Ponteceso,https://www.ponteceso.gal/,5.502,maria.roca@ponteceso.gal
Galicia,La Coruña,Ponteceso,https://www.ponteceso.gal/,5.502,marialuisa.amado@ponteceso.gal
Galicia,La Coruña,Ponteceso,https://www.ponteceso.gal/,5.502,remedios.varela@ponteceso.gal
Galicia,La Coruña,Ponteceso,https://www.ponteceso.gal/,5.502,noelia.leis@ponteceso.gal
Galicia,La Coruña,Ponteceso,https://www.ponteceso.gal/,5.502,isabel.rejes@ponteceso.gal
Galicia,La Coruña,Ponteceso,https://www.ponteceso.gal/,5.502,ernesto.calvo@ponteceso.gal
Galicia,La Coruña,Ponteceso,https://www.ponteceso.gal/,5.502,iago.montes@ponteceso.gal
Galicia,La Coruña,Ponteceso,https://www.ponteceso.gal/,5.502,policiaponteceso@gmail.com
Galicia,La Coruña,Ponteceso,https://www.ponteceso.gal/,5.502,a.v.d.p.c.ponteceso@gmail.com
Galicia,La Coruña,Ponteceso,https://www.ponteceso.gal/,5.502,mariajose.pensado@ponteceso.gal
Galicia,La Coruña,Ponteceso,https://www.ponteceso.gal/,5.502,julia.bermudez@ponteceso.gal
Galicia,La Coruña,Ponteceso,https://www.ponteceso.gal/,5.502,javier.couto@ponteceso.gal
Galicia,La Coruña,Ponteceso,https://www.ponteceso.gal/,5.502,julia.ures@ponteceso.gal
Galicia,La Coruña,Ponteceso,https://www.ponteceso.gal/,5.502,cabana@concello-cabana.es
Galicia,La Coruña,Ponteceso,https://www.ponteceso.gal/,5.502,info@concellomalpica.com
Galicia,La Coruña,Ponteceso,https://www.ponteceso.gal/,5.502,info@concellodelaxe.com
Galicia,La Coruña,Ponteceso,https://www.ponteceso.gal/,5.502,info@concellolaracha.com
Galicia,La Coruña,Ponteceso,https://www.ponteceso.gal/,5.502,fbergantinos@comarcasdegalicia.com
Galicia,La Coruña,Ponteceso,https://www.ponteceso.gal/,5.502,geral@avintes.net
Galicia,La Coruña,Ponteceso,https://www.ponteceso.gal/,5.502,aep@pontenmarcha.com
Galicia,La Coruña,Ponteceso,https://www.ponteceso.gal/,5.502,corme@corme.net
Galicia,La Coruña,Ponteceso,https://www.ponteceso.gal/,5.502,cra@craescuela.net
Galicia,La Coruña,Ponteceso,https://www.ponteceso.gal/,5.502,info@convdevalares.com
Galicia,La Coruña,Ponteceso,https://www.ponteceso.gal/,5.502,cofradia@cofradiacorme.org
Galicia,La Coruña,Ponteceso,https://www.ponteceso.gal/,5.502,oscar@corme.net
Galicia,La Coruña,Ponteceso,https://www.ponteceso.gal/,5.502,xeral@galinus.com
Galicia,La Coruña,Ponteceso,https://www.ponteceso.gal/,5.502,contacto@anosacosta.com
Galicia,La Coruña,Ponteceso,https://www.ponteceso.gal/,5.502,admin@ponteceso.net
Galicia,La Coruña,Ponteceso,https://www.ponteceso.gal/,5.502,info@fmactorrepujales.com
Galicia,La Coruña,Ponteceso,https://www.ponteceso.gal/,5.502,info@playadeosmo.com
Galicia,La Coruña,Ponteceso,https://www.ponteceso.gal/,5.502,info@pensionteyma.com
Galicia,La Coruña,Ponteceso,https://www.ponteceso.gal/,5.502,playabalares@gmail.com
Galicia,La Coruña,Ponteceso,https://www.ponteceso.gal/,5.502,ssconcelloponteceso@gmail.com
Galicia,La Coruña,Ponteceso,https://www.ponteceso.gal/,5.502,serviciossociales@ponteceso.net
Galicia,La Coruña,Ponteceso,https://www.ponteceso.gal/,5.502,josemaria.salvador@ponteceso.dicoruna.es
Galicia,La Coruña,Ponteceso,https://www.ponteceso.gal/,5.502,josemaria.salvador@ponteceso.gal
Galicia,La Coruña,Ponteceso,https://www.ponteceso.gal/,5.502,mariajose.pensado@ponteceso.es
Galicia,La Coruña,Ponteceso,https://www.ponteceso.gal/,5.502,orientacion.laboral@ponteceso.es
Galicia,La Coruña,Ponteceso,https://www.ponteceso.gal/,5.502,dolores.cousillas@ponteceso.es
Galicia,La Coruña,Ponteceso,https://www.ponteceso.gal/,5.502,omix@ponteceso.net
Galicia,La Coruña,Ponteceso,https://www.ponteceso.gal/,5.502,ponteceso@rbgalicia.org
Galicia,La Coruña,Ponteceso,https://www.ponteceso.gal/,5.502,susodebasilio@corme.net
Galicia,La Coruña,Ponteceso,https://www.ponteceso.gal/,5.502,cantatella@gmail.com
Galicia,La Coruña,Ponteceso,https://www.ponteceso.gal/,5.502,jesus.couto@hotmail.com
Galicia,La Coruña,Ponteceso,https://www.ponteceso.gal/,5.502,integro@cogami.es
Galicia,La Coruña,Ponteceso,https://www.ponteceso.gal/,5.502,cr.integro@gmail.com
Galicia,La Coruña,Ponteceso,https://www.ponteceso.gal/,5.502,reservas@museomelga.com
Galicia,La Coruña,Ponteceso,https://www.ponteceso.gal/,5.502,info@museomelga.com
Galicia,La Coruña,Ponteceso,https://www.ponteceso.gal/,5.502,lois.carballido@gmail.com
Galicia,La Coruña,Ponteceso,https://www.ponteceso.gal/,5.502,residuos@ponteceso.net
Galicia,La Coruña,Ponteceso,https://www.ponteceso.gal/,5.502,turismoponteceso@ponteceso.net
Galicia,La Coruña,Ponteceso,https://www.ponteceso.gal/,5.502,oaprural@dacoruna.gal
Galicia,La Coruña,Ponteceso,https://www.ponteceso.gal/,5.502,xadrezarteixo@gmail.com
Galicia,La Coruña,Ponteceso,https://www.ponteceso.gal/,5.502,pontecesodeportes@gmail.com
Galicia,La Coruña,Ponteceso,https://www.ponteceso.gal/,5.502,coidadosportaaporta.politicasocial@xunta.gal
Galicia,La Coruña,Ponteceso,https://www.ponteceso.gal/,5.502,pinturasotomayorponteceso@gmail.com
Galicia,La Coruña,Ponteceso,https://www.ponteceso.gal/,5.502,info@collectingoil.com
Galicia,La Coruña,Ponteceso,https://www.ponteceso.gal/,5.502,bzn-costasacoruna@miteco.es
Galicia,La Coruña,Ponteceso,https://www.ponteceso.gal/,5.502,fundacioneduardopondal@gmail.com
Galicia,La Coruña,Ponteceso,https://www.ponteceso.gal/,5.502,eventos@limpocean.com
Galicia,La Coruña,Ponteceso,https://www.ponteceso.gal/,5.502,cemmasolicitud@gmail.com
Galicia,La Coruña,Ponteceso,https://www.ponteceso.gal/,5.502,pel@dacoruna.gal
Galicia,La Coruña,Ponteceso,https://www.ponteceso.gal/,5.502,mariateresa.choucino@ponteceso.gal
Galicia,La Coruña,Ponteceso,https://www.ponteceso.gal/,5.502,silvana.facal@cabana.gal
Galicia,La Coruña,Ponteceso,https://www.ponteceso.gal/,5.502,concelloponteceso.comunicacion@gmail.com
Galicia,La Coruña,Ponteceso,https://www.ponteceso.gal/,5.502,info@museomega.com
Galicia,La Coruña,Ponteceso,https://www.ponteceso.gal/,5.502,ricardoperezyverdes@gmail.com
Galicia,La Coruña,Ponteceso,https://www.ponteceso.gal/,5.502,concello@ponteceso.gal
Galicia,La Coruña,Ponteceso,https://www.ponteceso.gal/,5.502,rrhh@fiverbun.com
Galicia,La Coruña,Ponteceso,https://www.ponteceso.gal/,5.502,fernagon.carpinteria@yahoo.com
Galicia,La Coruña,Ponteceso,https://www.ponteceso.gal/,5.502,administracionsantiago@atendo.es
Galicia,La Coruña,Ponteceso,https://www.ponteceso.gal/,5.502,correo@ponteceso.gal
Galicia,La Coruña,Ponteceso,https://www.ponteceso.gal/,5.502,info@juanadevega.org
Galicia,La Coruña,Pontedeume,https://www.pontedeume.gal/es/,7.777,correo@pontedeume.gal
Galicia,La Coruña,Pontedeume,https://www.pontedeume.gal/es/,7.777,bernardo.fernandez@pontedeume.gal
Galicia,La Coruña,Pontedeume,https://www.pontedeume.gal/es/,7.777,jose.simoes@pontedeume.gal
Galicia,La Coruña,Pontedeume,https://www.pontedeume.gal/es/,7.777,daniel.rios@pontedeume.gal
Galicia,La Coruña,Pontedeume,https://www.pontedeume.gal/es/,7.777,alejandra.bellon@pontedeume.gal
Galicia,La Coruña,Pontedeume,https://www.pontedeume.gal/es/,7.777,angela.pineiro@pontedeume.gal
Galicia,La Coruña,Pontedeume,https://www.pontedeume.gal/es/,7.777,joshua.dopico@pontedeume.gal
Galicia,La Coruña,Pontedeume,https://www.pontedeume.gal/es/,7.777,manuela.garcia@pontedeume.gal
Galicia,La Coruña,Pontedeume,https://www.pontedeume.gal/es/,7.777,pp@pontedeume.gal
Galicia,La Coruña,Pontedeume,https://www.pontedeume.gal/es/,7.777,bng@pontedeume.gal
Galicia,La Coruña,Pontedeume,https://www.pontedeume.gal/es/,7.777,urbanismo@pontedeume.gal
Galicia,La Coruña,Pontedeume,https://www.pontedeume.gal/es/,7.777,servizos.sociais@pontedeume.gal
Galicia,La Coruña,Pontedeume,https://www.pontedeume.gal/es/,7.777,escolainfantilpontedeume@hotmail.com
Galicia,La Coruña,Pontedeume,https://www.pontedeume.gal/es/,7.777,mercadomunicipal@pontedeume.gal
Galicia,La Coruña,Pontedeume,https://www.pontedeume.gal/es/,7.777,deportes@pontedeume.gal
Galicia,La Coruña,Pontedeume,https://www.pontedeume.gal/es/,7.777,piscinapontedeume@serviocio.es
Galicia,La Coruña,Pontedeume,https://www.pontedeume.gal/es/,7.777,oficinaturismo@pontedeume.gal
Galicia,La Coruña,Pontedeume,https://www.pontedeume.gal/es/,7.777,policia.local@pontedeume.gal
Galicia,La Coruña,Pontedeume,https://www.pontedeume.gal/es/,7.777,ceip.couceiro.freijomil@edu.xunta.gal
Galicia,La Coruña,Pontedeume,https://www.pontedeume.gal/es/,7.777,ceip.andrade@edu.xunta.gal
Galicia,La Coruña,Pontedeume,https://www.pontedeume.gal/es/,7.777,ceip.ombre@edu.xunta.es
Galicia,La Coruña,Pontedeume,https://www.pontedeume.gal/es/,7.777,cpr.luisvives.pontedeume@edu.xunta.es
Galicia,La Coruña,Pontedeume,https://www.pontedeume.gal/es/,7.777,direccion@goasanjose.com
Galicia,La Coruña,Pontedeume,https://www.pontedeume.gal/es/,7.777,ies.breamo@edu.xunta.gal
Galicia,La Coruña,Pontedeume,https://www.pontedeume.gal/es/,7.777,cifp.fraga.eume@edu.xunta.gal
Galicia,La Coruña,Pontedeume,https://www.pontedeume.gal/es/,7.777,espazoxovepontedeume.xuventude@xunta.gal
Galicia,La Coruña,Pontedeume,https://www.pontedeume.gal/es/,7.777,fragas.eume@xunta.es
Galicia,La Coruña,Porto do Son,https://portodoson.gal/,9.171,correo@portodoson.gal
Galicia,La Coruña,Porto do Son,https://portodoson.gal/,9.171,luis.oujo@portodoson.org
Galicia,La Coruña,Porto do Son,https://portodoson.gal/,9.171,magdalena.perez@portodoson.gal
Galicia,La Coruña,Porto do Son,https://portodoson.gal/,9.171,mariajose.maronas@portodoson.gal
Galicia,La Coruña,Porto do Son,https://portodoson.gal/,9.171,alicia.martinez@portodoson.gal
Galicia,La Coruña,Porto do Son,https://portodoson.gal/,9.171,carlos.lorenzo@portodoson.gal
Galicia,La Coruña,Porto do Son,https://portodoson.gal/,9.171,pepe.lijo@portodoson.gal
Galicia,La Coruña,Porto do Son,https://portodoson.gal/,9.171,juanjose.calo@portodoson.gal
Galicia,La Coruña,Porto do Son,https://portodoson.gal/,9.171,obrasemedioambiente@portodoson.gal
Galicia,La Coruña,Porto do Son,https://portodoson.gal/,9.171,urbanismo@portodoson.gal
Galicia,La Coruña,Porto do Son,https://portodoson.gal/,9.171,jose.pazo@portodoson.gal
Galicia,La Coruña,Porto do Son,https://portodoson.gal/,9.171,info@pulpodelonja.com
Galicia,La Coruña,Rianxo,https://concelloderianxo.gal/,11.033,cultura@concelloderianxo.gal
Galicia,La Coruña,Rianxo,https://concelloderianxo.gal/,11.033,concello@concelloderianxo.gal
Galicia,La Coruña,Rianxo,https://concelloderianxo.gal/,11.033,contratacion@concelloderianxo.gal
Galicia,La Coruña,Rianxo,https://concelloderianxo.gal/,11.033,012@xunta.es
Galicia,La Coruña,Rianxo,https://concelloderianxo.gal/,11.033,notificacions@concelloderianxo.gal
Galicia,La Coruña,Rianxo,https://concelloderianxo.gal/,11.033,informatica@concelloderianxo.gal
Galicia,La Coruña,Rianxo,https://concelloderianxo.gal/,11.033,emprego@concelloderianxo.gal
Galicia,La Coruña,Rianxo,https://concelloderianxo.gal/,11.033,rexistro@concelloderianxo.gal
Galicia,La Coruña,Rianxo,https://concelloderianxo.gal/,11.033,padron@concelloderianxo.gal
Galicia,La Coruña,Rianxo,https://concelloderianxo.gal/,11.033,biblioteca@concelloderianxo.gal
Galicia,La Coruña,Rianxo,https://concelloderianxo.gal/,11.033,obras@concelloderianxo.gal
Galicia,La Coruña,Rianxo,https://concelloderianxo.gal/,11.033,policia@concelloderianxo.gal
Galicia,La Coruña,Rianxo,https://concelloderianxo.gal/,11.033,turismo@concelloderianxo.gal
Galicia,La Coruña,Rianxo,https://concelloderianxo.gal/,11.033,xuventude@concelloderianxo.gal
Galicia,La Coruña,Rianxo,https://concelloderianxo.gal/,11.033,deportes@concelloderianxo.gal
Galicia,La Coruña,Rianxo,https://concelloderianxo.gal/,11.033,odr@concelloderianxo.gal
Galicia,La Coruña,Rianxo,https://concelloderianxo.gal/,11.033,recadacion@concelloderianxo.es
Galicia,La Coruña,Rianxo,https://concelloderianxo.gal/,11.033,servizossociais@concelloderianxo.gal
Galicia,La Coruña,Rianxo,https://concelloderianxo.gal/,11.033,urbanismo@concelloderianxo.gal
Galicia,La Coruña,Rianxo,https://concelloderianxo.gal/,11.033,liceo@concelloderianxo.gal
Galicia,La Coruña,Rianxo,https://concelloderianxo.gal/,11.033,informa@igape.es
Galicia,La Coruña,Rianxo,https://concelloderianxo.gal/,11.033,medioambiente@concelloderianxo.gal
Galicia,La Coruña,Rianxo,https://concelloderianxo.gal/,11.033,normalizacion@concelloderianxo.gal
Galicia,La Coruña,Rianxo,https://concelloderianxo.gal/,11.033,carloshenrique.fernandez@concelloderianxo.gal
Galicia,La Coruña,Rianxo,https://concelloderianxo.gal/,11.033,susana.holgado@concelloderianxo.gal
Galicia,La Coruña,Rianxo,https://concelloderianxo.gal/,11.033,urbanismo.rianxo@gmail.com
Galicia,La Coruña,Rianxo,https://concelloderianxo.gal/,11.033,secretaria@concelloderianxo.gal
Galicia,La Coruña,Rianxo,https://concelloderianxo.gal/,11.033,comunicacion@agadea.org
Galicia,La Coruña,Rianxo,https://concelloderianxo.gal/,11.033,campamento@concelloderianxo.gal
Galicia,La Coruña,Rianxo,https://concelloderianxo.gal/,11.033,cultural@concelloderianxo.gal
Galicia,La Coruña,Rianxo,https://concelloderianxo.gal/,11.033,emprego@boiro.gal
Galicia,La Coruña,Rianxo,https://concelloderianxo.gal/,11.033,dpd@concelloderianxo.gal
Galicia,La Coruña,Rois,https://www.rois.gal/es/,4.512,correo@rois.gal
Galicia,La Coruña,Rois,https://www.rois.gal/es/,4.512,green@2x.png
Galicia,La Coruña,Rois,https://www.rois.gal/es/,4.512,cultura@rois.gal
Galicia,La Coruña,Rois,https://www.rois.gal/es/,4.512,escola.musica@rois.gal
Galicia,La Coruña,Rois,https://www.rois.gal/es/,4.512,deportes@rois.gal
Galicia,La Coruña,Rois,https://www.rois.gal/es/,4.512,servizos.sociais@rois.gal
Galicia,La Coruña,Rois,https://www.rois.gal/es/,4.512,CORREO@rois.gal
Galicia,La Coruña,Rois,https://www.rois.gal/es/,4.512,CORREO@CONCELLODEROIS.ES
Galicia,La Coruña,Rois,https://www.rois.gal/es/,4.512,web@rois.gal
Galicia,La Coruña,Sada,https://www.sada.gal/,15.841,oscar.portela@sada.gal
Galicia,La Coruña,Sada,https://www.sada.gal/,15.841,rebeca.mourino@sada.gal
Galicia,La Coruña,Sada,https://www.sada.gal/,15.841,marcos.villar@sada.gal
Galicia,La Coruña,Sada,https://www.sada.gal/,15.841,pilar.taibo@sada.gal
Galicia,La Coruña,Sada,https://www.sada.gal/,15.841,fernando.farina@sada.gal
Galicia,La Coruña,Sada,https://www.sada.gal/,15.841,dpd@sada.gal
Galicia,La Coruña,Sada,https://www.sada.gal/,15.841,Servizos.sociais@sada.gal
Galicia,La Coruña,San Sadurniño,https://sansadurnino.gal/,2.822,vilasenflor-351x185@2x.jpg
Galicia,La Coruña,San Sadurniño,https://sansadurnino.gal/,2.822,rios-351x185@2x.jpg
Galicia,La Coruña,San Sadurniño,https://sansadurnino.gal/,2.822,brio-351x185@2x.jpg
Galicia,La Coruña,San Sadurniño,https://sansadurnino.gal/,2.822,atoparnos-351x185@2x.jpg
Galicia,La Coruña,San Sadurniño,https://sansadurnino.gal/,2.822,o-corno-351x185@2x.jpg
Galicia,La Coruña,San Sadurniño,https://sansadurnino.gal/,2.822,iago-vilela-351x185@2x.jpg
Galicia,La Coruña,San Sadurniño,https://sansadurnino.gal/,2.822,ski-110x96@2x.jpg
Galicia,La Coruña,San Sadurniño,https://sansadurnino.gal/,2.822,foto-nova--110x96@2x.jpg
Galicia,La Coruña,San Sadurniño,https://sansadurnino.gal/,2.822,DSC6276_3000x1687_H_100_Original-ratio-110x96@2x.jpg
Galicia,La Coruña,San Sadurniño,https://sansadurnino.gal/,2.822,DSC6261_3000x1688_H_100_Original-ratio-110x96@2x.jpg
Galicia,La Coruña,San Sadurniño,https://sansadurnino.gal/,2.822,SECUNDINO-CONSELLEIRA-FOTO-ARA-BELLAS-110x96@2x.jpg
Galicia,La Coruña,San Sadurniño,https://sansadurnino.gal/,2.822,cpi-110x96@2x.jpg
Galicia,La Coruña,San Sadurniño,https://sansadurnino.gal/,2.822,WhatsApp-Image-2024-10-23-at-08.54.32-110x96@2x.jpeg
Galicia,La Coruña,San Sadurniño,https://sansadurnino.gal/,2.822,DSC5899-110x96@2x.jpeg
Galicia,La Coruña,San Sadurniño,https://sansadurnino.gal/,2.822,barcoia-110x96@2x.jpg
Galicia,La Coruña,San Sadurniño,https://sansadurnino.gal/,2.822,bibliosansa-110x96@2x.jpg
Galicia,La Coruña,San Sadurniño,https://sansadurnino.gal/,2.822,XURADO-VILAS-EN-FLOR-2-110x96@2x.jpg
Galicia,La Coruña,San Sadurniño,https://sansadurnino.gal/,2.822,lesta-110x96@2x.jpg
Galicia,La Coruña,San Sadurniño,https://sansadurnino.gal/,2.822,SAMAIN2-110x96@2x.jpg
Galicia,La Coruña,San Sadurniño,https://sansadurnino.gal/,2.822,DSC2489_3000x2002_H_116_Original-ratio-1-110x96@2x.jpg
Galicia,La Coruña,San Sadurniño,https://sansadurnino.gal/,2.822,morcegos_gal-110x96@2x.jpg
Galicia,La Coruña,San Sadurniño,https://sansadurnino.gal/,2.822,escrigas-110x96@2x.jpg
Galicia,La Coruña,San Sadurniño,https://sansadurnino.gal/,2.822,106G2148.00_01_45_01.Imagen-fija002_3000x1688_H_110_Fixed-Width-110x96@2x.jpg
Galicia,La Coruña,San Sadurniño,https://sansadurnino.gal/,2.822,atoparnos-110x96@2x.jpg
Galicia,La Coruña,San Sadurniño,https://sansadurnino.gal/,2.822,tdt-110x96@2x.jpg
Galicia,La Coruña,San Sadurniño,https://sansadurnino.gal/,2.822,mazas1-110x96@2x.jpg
Galicia,La Coruña,San Sadurniño,https://sansadurnino.gal/,2.822,bandeira-verde-galicia-110x96@2x.png
Galicia,La Coruña,San Sadurniño,https://sansadurnino.gal/,2.822,tulo-1-2-110x96@2x.jpg
Galicia,La Coruña,San Sadurniño,https://sansadurnino.gal/,2.822,correo@sansadurnino.gal
Galicia,La Coruña,San Sadurniño,https://sansadurnino.gal/,2.822,vilasenflor-702x336@2x.jpg
Galicia,La Coruña,San Sadurniño,https://sansadurnino.gal/,2.822,vilasenflor-1078x516@2x.jpg
Galicia,La Coruña,San Sadurniño,https://sansadurnino.gal/,2.822,rios-214x140@2x.jpg
Galicia,La Coruña,San Sadurniño,https://sansadurnino.gal/,2.822,brio-214x140@2x.jpg
Galicia,La Coruña,San Sadurniño,https://sansadurnino.gal/,2.822,atoparnos-214x140@2x.jpg
Galicia,La Coruña,San Sadurniño,https://sansadurnino.gal/,2.822,rios-702x336@2x.jpg
Galicia,La Coruña,San Sadurniño,https://sansadurnino.gal/,2.822,oriana.lopez@sansadurnino.gal
Galicia,La Coruña,San Sadurniño,https://sansadurnino.gal/,2.822,vilasenflor-214x140@2x.jpg
Galicia,La Coruña,San Sadurniño,https://sansadurnino.gal/,2.822,brio-702x336@2x.jpg
Galicia,La Coruña,San Sadurniño,https://sansadurnino.gal/,2.822,brio-300x144@2x.jpg
Galicia,La Coruña,San Sadurniño,https://sansadurnino.gal/,2.822,brio-768x369@2x.jpg
Galicia,La Coruña,San Sadurniño,https://sansadurnino.gal/,2.822,brio-1024x492@2x.jpg
Galicia,La Coruña,San Sadurniño,https://sansadurnino.gal/,2.822,brio-1078x516@2x.jpg
Galicia,La Coruña,San Sadurniño,https://sansadurnino.gal/,2.822,atoparnos-702x336@2x.jpg
Galicia,La Coruña,San Sadurniño,https://sansadurnino.gal/,2.822,o-corno-702x336@2x.jpg
Galicia,La Coruña,San Sadurniño,https://sansadurnino.gal/,2.822,iago-vilela-702x336@2x.jpg
Galicia,La Coruña,San Sadurniño,https://sansadurnino.gal/,2.822,ski-702x336@2x.jpg
Galicia,La Coruña,San Sadurniño,https://sansadurnino.gal/,2.822,ski-1078x516@2x.jpg
Galicia,La Coruña,San Sadurniño,https://sansadurnino.gal/,2.822,agustin.perez@sansadurnino.gal
Galicia,La Coruña,San Sadurniño,https://sansadurnino.gal/,2.822,deportes@dacoruna.gal
Galicia,La Coruña,San Sadurniño,https://sansadurnino.gal/,2.822,foto-nova--702x336@2x.jpg
Galicia,La Coruña,San Sadurniño,https://sansadurnino.gal/,2.822,logos-1024x140@2x.jpg
Galicia,La Coruña,San Sadurniño,https://sansadurnino.gal/,2.822,logos-300x41@2x.jpg
Galicia,La Coruña,San Sadurniño,https://sansadurnino.gal/,2.822,logos-768x105@2x.jpg
Galicia,La Coruña,San Sadurniño,https://sansadurnino.gal/,2.822,1454925638401-150x150@2x.jpg
Galicia,La Coruña,San Sadurniño,https://sansadurnino.gal/,2.822,CATASTRO-150x150@2x.png
Galicia,La Coruña,San Sadurniño,https://sansadurnino.gal/,2.822,1461672815497-150x150@2x.jpg
Galicia,La Coruña,San Sadurniño,https://sansadurnino.gal/,2.822,cemit@sansadurnino.gal
Galicia,La Coruña,San Sadurniño,https://sansadurnino.gal/,2.822,eim.sansadurnino@gmail.com
Galicia,La Coruña,San Sadurniño,https://sansadurnino.gal/,2.822,IMG_2286-150x150@2x.jpg
Galicia,La Coruña,San Sadurniño,https://sansadurnino.gal/,2.822,zona2@dicoruna.es
Galicia,La Coruña,San Sadurniño,https://sansadurnino.gal/,2.822,sansadurnino@planxeral.sansadurnino.gal
Galicia,La Coruña,San Sadurniño,https://sansadurnino.gal/,2.822,sansadurnino@pplanxeral.sansadurnino.gal
Galicia,La Coruña,San Sadurniño,https://sansadurnino.gal/,2.822,ski-351x185@2x.jpg
Galicia,La Coruña,San Sadurniño,https://sansadurnino.gal/,2.822,foto-nova--351x185@2x.jpg
Galicia,La Coruña,San Sadurniño,https://sansadurnino.gal/,2.822,DSC6276_3000x1687_H_100_Original-ratio-351x185@2x.jpg
Galicia,La Coruña,San Sadurniño,https://sansadurnino.gal/,2.822,DSC6261_3000x1688_H_100_Original-ratio-351x185@2x.jpg
Galicia,La Coruña,San Sadurniño,https://sansadurnino.gal/,2.822,PLAN-EMPREGO-LOCAL-1-1536x842-351x185@2x.jpg
Galicia,La Coruña,San Sadurniño,https://sansadurnino.gal/,2.822,servizo_de_axuda_no_fogar-1080x675-300x188@2x.jpg
Galicia,La Coruña,San Sadurniño,https://sansadurnino.gal/,2.822,servizo_de_axuda_no_fogar-1080x675-343x215@2x.jpg
Galicia,La Coruña,San Sadurniño,https://sansadurnino.gal/,2.822,IMG_9199-300x169@2x.jpg
Galicia,La Coruña,San Sadurniño,https://sansadurnino.gal/,2.822,IMG_9787-300x169@2x.jpg
Galicia,La Coruña,San Sadurniño,https://sansadurnino.gal/,2.822,memoria_activa-300x169@2x.jpg
Galicia,La Coruña,San Sadurniño,https://sansadurnino.gal/,2.822,visita_paula_pina_edar-300x169@2x.jpg
Galicia,La Coruña,San Sadurniño,https://sansadurnino.gal/,2.822,sansaerea-300x225@2x.jpg
Galicia,La Coruña,San Sadurniño,https://sansadurnino.gal/,2.822,sansaerea-768x576@2x.jpg
Galicia,La Coruña,San Sadurniño,https://sansadurnino.gal/,2.822,sansaerea-1024x768@2x.jpg
Galicia,La Coruña,San Sadurniño,https://sansadurnino.gal/,2.822,centroempresas-300x200@2x.jpg
Galicia,La Coruña,San Sadurniño,https://sansadurnino.gal/,2.822,as-300x225@2x.jpg
Galicia,La Coruña,San Sadurniño,https://sansadurnino.gal/,2.822,curso_froita-300x193@2x.jpg
Galicia,La Coruña,San Sadurniño,https://sansadurnino.gal/,2.822,agfaeume@gmail.com
Galicia,La Coruña,San Sadurniño,https://sansadurnino.gal/,2.822,DJI_0431-300x169@2x.jpg
Galicia,La Coruña,San Sadurniño,https://sansadurnino.gal/,2.822,cnicos-emprego-logoCor300-300x134@2x.jpg
Galicia,La Coruña,San Sadurniño,https://sansadurnino.gal/,2.822,PORTADA_ASESORAMENTO-CATASTRAL-150x150@2x.jpg
Galicia,La Coruña,San Sadurniño,https://sansadurnino.gal/,2.822,IMG_1782-300x169@2x.jpg
Galicia,La Coruña,San Sadurniño,https://sansadurnino.gal/,2.822,IMG_4743-300x190@2x.jpg
Galicia,La Coruña,San Sadurniño,https://sansadurnino.gal/,2.822,IMG_4743-768x486@2x.jpg
Galicia,La Coruña,San Sadurniño,https://sansadurnino.gal/,2.822,IMG_5868-300x200@2x.jpg
Galicia,La Coruña,San Sadurniño,https://sansadurnino.gal/,2.822,IMG_2052-300x169@2x.jpg
Galicia,La Coruña,San Sadurniño,https://sansadurnino.gal/,2.822,IMG_2052-768x432@2x.jpg
Galicia,La Coruña,San Sadurniño,https://sansadurnino.gal/,2.822,volei1-300x200@2x.jpg
Galicia,La Coruña,San Sadurniño,https://sansadurnino.gal/,2.822,IMG_8440-300x225@2x.jpg
Galicia,La Coruña,San Sadurniño,https://sansadurnino.gal/,2.822,corras-300x225@2x.jpg
Galicia,La Coruña,San Sadurniño,https://sansadurnino.gal/,2.822,ximnasio-300x225@2x.jpg
Galicia,La Coruña,San Sadurniño,https://sansadurnino.gal/,2.822,INAUGURACION_ALBEIRO-300x225@2x.jpg
Galicia,La Coruña,San Sadurniño,https://sansadurnino.gal/,2.822,IMG_5047-300x159@2x.jpg
Galicia,La Coruña,San Sadurniño,https://sansadurnino.gal/,2.822,RAPAZADA-INSTITUTO2-300x169@2x.jpg
Galicia,La Coruña,San Sadurniño,https://sansadurnino.gal/,2.822,carnexove-300x207@2x.jpg
Galicia,La Coruña,San Sadurniño,https://sansadurnino.gal/,2.822,IMG_6391-300x169@2x.jpg
Galicia,La Coruña,San Sadurniño,https://sansadurnino.gal/,2.822,IMG_6391-768x432@2x.jpg
Galicia,La Coruña,San Sadurniño,https://sansadurnino.gal/,2.822,IMG_6391-1024x576@2x.jpg
Galicia,La Coruña,San Sadurniño,https://sansadurnino.gal/,2.822,14053797_10154477488996202_3380335282326079895_o-300x174@2x.jpg
Galicia,La Coruña,San Sadurniño,https://sansadurnino.gal/,2.822,14053797_10154477488996202_3380335282326079895_o-768x446@2x.jpg
Galicia,La Coruña,San Sadurniño,https://sansadurnino.gal/,2.822,14053797_10154477488996202_3380335282326079895_o-1024x595@2x.jpg
Galicia,La Coruña,San Sadurniño,https://sansadurnino.gal/,2.822,1453725019994-300x225@2x.jpg
Galicia,La Coruña,San Sadurniño,https://sansadurnino.gal/,2.822,SANPIPOTE-300x200@2x.jpg
Galicia,La Coruña,San Sadurniño,https://sansadurnino.gal/,2.822,DSC01080-web1081x1922U30-300x169@2x.jpg
Galicia,La Coruña,San Sadurniño,https://sansadurnino.gal/,2.822,DSC01080-web1081x1922U30-768x432@2x.jpg
Galicia,La Coruña,San Sadurniño,https://sansadurnino.gal/,2.822,DJI_0081-web2773x3700U60-300x225@2x.jpg
Galicia,La Coruña,San Sadurniño,https://sansadurnino.gal/,2.822,DJI_0081-web2773x3700U60-768x576@2x.jpg
Galicia,La Coruña,San Sadurniño,https://sansadurnino.gal/,2.822,tulo-3-web1080x1920H30-300x169@2x.jpg
Galicia,La Coruña,San Sadurniño,https://sansadurnino.gal/,2.822,tulo-3-web1080x1920H30-768x432@2x.jpg
Galicia,La Coruña,San Sadurniño,https://sansadurnino.gal/,2.822,ontamento-exterior-300x169@2x.jpg
Galicia,La Coruña,San Sadurniño,https://sansadurnino.gal/,2.822,ontamento-exterior-768x432@2x.jpg
Galicia,La Coruña,San Sadurniño,https://sansadurnino.gal/,2.822,aerea_xardins-300x225@2x.jpg
Galicia,La Coruña,San Sadurniño,https://sansadurnino.gal/,2.822,casteloencinoy-150x150@2x.jpg
Galicia,La Coruña,San Sadurniño,https://sansadurnino.gal/,2.822,DSC9388_Original-ratio_1920x1281_U_90-702x336@2x.jpg
Galicia,La Coruña,San Sadurniño,https://sansadurnino.gal/,2.822,DSC3012_Original-ratio_2500x1406_U_90-702x336@2x.jpg
Galicia,La Coruña,San Sadurniño,https://sansadurnino.gal/,2.822,DSC3012_Original-ratio_2500x1406_U_90-1078x516@2x.jpg
Galicia,La Coruña,San Sadurniño,https://sansadurnino.gal/,2.822,lavadoiromoesan@gmail.com
Galicia,La Coruña,San Sadurniño,https://sansadurnino.gal/,2.822,pilar.calvo@sansadurnino.gal
Galicia,La Coruña,San Sadurniño,https://sansadurnino.gal/,2.822,correo@moeche.gal
Galicia,La Coruña,San Sadurniño,https://sansadurnino.gal/,2.822,tulo-2_Original-ratio_720x123_H_90-300x51@2x.jpg
Galicia,La Coruña,San Sadurniño,https://sansadurnino.gal/,2.822,PLAN-EMPREGO-LOCAL-1-1536x842-214x140@2x.jpg
Galicia,La Coruña,San Sadurniño,https://sansadurnino.gal/,2.822,PLAN-EMPREGO-LOCAL-1-1536x842-702x336@2x.jpg
Galicia,La Coruña,San Sadurniño,https://sansadurnino.gal/,2.822,DSC6276_3000x1687_H_100_Original-ratio-702x336@2x.jpg
Galicia,La Coruña,San Sadurniño,https://sansadurnino.gal/,2.822,DSC6276_3000x1687_H_100_Original-ratio-1078x516@2x.jpg
Galicia,La Coruña,San Sadurniño,https://sansadurnino.gal/,2.822,DSC6261_3000x1688_H_100_Original-ratio-702x336@2x.jpg
Galicia,La Coruña,San Sadurniño,https://sansadurnino.gal/,2.822,DSC6261_3000x1688_H_100_Original-ratio-1078x516@2x.jpg
Galicia,La Coruña,San Sadurniño,https://sansadurnino.gal/,2.822,SECUNDINO-CONSELLEIRA-FOTO-ARA-BELLAS-702x336@2x.jpg
Galicia,La Coruña,San Sadurniño,https://sansadurnino.gal/,2.822,SECUNDINO-CONSELLEIRA-FOTO-ARA-BELLAS-1078x516@2x.jpg
Galicia,La Coruña,San Sadurniño,https://sansadurnino.gal/,2.822,cpi-702x336@2x.jpg
Galicia,La Coruña,San Sadurniño,https://sansadurnino.gal/,2.822,cpi-300x143@2x.jpg
Galicia,La Coruña,San Sadurniño,https://sansadurnino.gal/,2.822,cpi-768x367@2x.jpg
Galicia,La Coruña,San Sadurniño,https://sansadurnino.gal/,2.822,info@rexenerando.com
Galicia,La Coruña,San Sadurniño,https://sansadurnino.gal/,2.822,WhatsApp-Image-2024-10-23-at-08.54.32-702x336@2x.jpeg
Galicia,La Coruña,San Sadurniño,https://sansadurnino.gal/,2.822,DSC5899-702x336@2x.jpeg
Galicia,La Coruña,San Sadurniño,https://sansadurnino.gal/,2.822,DSC5899-1078x516@2x.jpeg
Galicia,La Coruña,San Sadurniño,https://sansadurnino.gal/,2.822,cemit.sansadurnino@xunta.gal
Galicia,La Coruña,San Sadurniño,https://sansadurnino.gal/,2.822,bibliosansa-702x336@2x.jpg
Galicia,La Coruña,San Sadurniño,https://sansadurnino.gal/,2.822,XURADO-VILAS-EN-FLOR-2-702x336@2x.jpg
Galicia,La Coruña,San Sadurniño,https://sansadurnino.gal/,2.822,XURADO-VILAS-EN-FLOR-2-1078x516@2x.jpg
Galicia,La Coruña,San Sadurniño,https://sansadurnino.gal/,2.822,lesta-702x336@2x.jpg
Galicia,La Coruña,San Sadurniño,https://sansadurnino.gal/,2.822,SAMAIN2-702x336@2x.jpg
Galicia,La Coruña,San Sadurniño,https://sansadurnino.gal/,2.822,concellodesansadurnino@gmail.com
Galicia,La Coruña,San Sadurniño,https://sansadurnino.gal/,2.822,DSC2489_3000x2002_H_116_Original-ratio-1-702x336@2x.jpg
Galicia,La Coruña,San Sadurniño,https://sansadurnino.gal/,2.822,DSC2489_3000x2002_H_116_Original-ratio-1-1078x516@2x.jpg
Galicia,La Coruña,San Sadurniño,https://sansadurnino.gal/,2.822,morcegos_gal-702x336@2x.jpg
Galicia,La Coruña,San Sadurniño,https://sansadurnino.gal/,2.822,info@morcegosdegalicia.org
Galicia,La Coruña,San Sadurniño,https://sansadurnino.gal/,2.822,escrigas-702x336@2x.jpg
Galicia,La Coruña,San Sadurniño,https://sansadurnino.gal/,2.822,tdt-702x336@2x.jpg
Galicia,La Coruña,San Sadurniño,https://sansadurnino.gal/,2.822,ayuda@llega700.es
Galicia,La Coruña,San Sadurniño,https://sansadurnino.gal/,2.822,mazas1-702x336@2x.jpg
Galicia,La Coruña,San Sadurniño,https://sansadurnino.gal/,2.822,bandeira-verde-galicia-702x336@2x.png
Galicia,La Coruña,Santa Comba,https://www.santacomba.es/,9.426,biorresiduos@concellosostible.gal
Galicia,La Coruña,Santa Comba,https://www.santacomba.es/,9.426,guarderia@santacomba.es
Galicia,La Coruña,Santa Comba,https://www.santacomba.es/,9.426,launiontanatorio@gmail.com
Galicia,La Coruña,Santa Comba,https://www.santacomba.es/,9.426,sfsantamaria2014@hotmail.com
Galicia,La Coruña,Santa Comba,https://www.santacomba.es/,9.426,ntanatorio@gmail.com
Galicia,La Coruña,Santa Comba,https://www.santacomba.es/,9.426,dpd@santacomba.es
Galicia,La Coruña,Santiso,https://santiso.gal/,1.584,correo@santiso.gal
Galicia,La Coruña,Santiso,https://santiso.gal/,1.584,cristina.tato@santiso.gal
Galicia,La Coruña,Santiso,https://santiso.gal/,1.584,protecciondedatos@ariasavogados.com
Galicia,La Coruña,Sobrado (A Coruña),https://www.sobrado.es/,1.758,reclamacions-queixas-e-suxestions@3667.html
Galicia,La Coruña,Sobrado (A Coruña),https://www.sobrado.es/,1.758,avisos-de-averias-en-alumeado-publico@4667.html
Galicia,La Coruña,Sobrado (A Coruña),https://www.sobrado.es/,1.758,solicitude-do-servizo-de-axuda-a-domicilio@5667.html
Galicia,La Coruña,Sobrado (A Coruña),https://www.sobrado.es/,1.758,verificacion-de-documentos@6667.html
Galicia,La Coruña,Sobrado (A Coruña),https://www.sobrado.es/,1.758,volante-de-empadroamento@7667.html
Galicia,La Coruña,Sobrado (A Coruña),https://www.sobrado.es/,1.758,telefonos-e-enderezos@4657.html
Galicia,La Coruña,Sobrado (A Coruña),https://www.sobrado.es/,1.758,logo@2x.png
Galicia,La Coruña,Sobrado (A Coruña),https://www.sobrado.es/,1.758,sauda-do-alcalde@8267.html
Galicia,La Coruña,Sobrado (A Coruña),https://www.sobrado.es/,1.758,situacion@9067.html
Galicia,La Coruña,Sobrado (A Coruña),https://www.sobrado.es/,1.758,servizos@0167.html
Galicia,La Coruña,Sobrado (A Coruña),https://www.sobrado.es/,1.758,bandos@1167.html
Galicia,La Coruña,Sobrado (A Coruña),https://www.sobrado.es/,1.758,historia@2167.html
Galicia,La Coruña,Sobrado (A Coruña),https://www.sobrado.es/,1.758,ordenanzas-municipais@6867.html
Galicia,La Coruña,Sobrado (A Coruña),https://www.sobrado.es/,1.758,convenios@2377.html
Galicia,La Coruña,Sobrado (A Coruña),https://www.sobrado.es/,1.758,corporacion-municipal@8967.html
Galicia,La Coruña,Sobrado (A Coruña),https://www.sobrado.es/,1.758,actas-de-plenos@9967.html
Galicia,La Coruña,Sobrado (A Coruña),https://www.sobrado.es/,1.758,tramites@7567.html
Galicia,La Coruña,Sobrado (A Coruña),https://www.sobrado.es/,1.758,parroquias@1077.html
Galicia,La Coruña,Sobrado (A Coruña),https://www.sobrado.es/,1.758,rotas-sendeirismo@1177.html
Galicia,La Coruña,Sobrado (A Coruña),https://www.sobrado.es/,1.758,axencia-de-emprego-e-desenvolvemento-local@9077.html
Galicia,La Coruña,Sobrado (A Coruña),https://www.sobrado.es/,1.758,servizos-sociais-de-atencion-primaria@3077.html
Galicia,La Coruña,Sobrado (A Coruña),https://www.sobrado.es/,1.758,cultura@4077.html
Galicia,La Coruña,Sobrado (A Coruña),https://www.sobrado.es/,1.758,deporte@5077.html
Galicia,La Coruña,Sobrado (A Coruña),https://www.sobrado.es/,1.758,urbanismo@6077.html
Galicia,La Coruña,Sobrado (A Coruña),https://www.sobrado.es/,1.758,turismo@7077.html
Galicia,La Coruña,Sobrado (A Coruña),https://www.sobrado.es/,1.758,xuventude@0177.html
Galicia,La Coruña,Sobrado (A Coruña),https://www.sobrado.es/,1.758,emprego-publico@2277.html
Galicia,La Coruña,Sobrado (A Coruña),https://www.sobrado.es/,1.758,medio-ambiente@5377.html
Galicia,La Coruña,Sobrado (A Coruña),https://www.sobrado.es/,1.758,correo@sobrado.es
Galicia,La Coruña,Sobrado (A Coruña),https://www.sobrado.es/,1.758,accesibilidade@8167.html
Galicia,La Coruña,Sobrado (A Coruña),https://www.sobrado.es/,1.758,aviso-legal@9167.html
Galicia,La Coruña,Sobrado (A Coruña),https://www.sobrado.es/,1.758,politica-de-privacidade@0267.html
Galicia,La Coruña,Sobrado (A Coruña),https://www.sobrado.es/,1.758,politica-de-cookies@5277.html
Galicia,La Coruña,Sobrado (A Coruña),https://www.sobrado.es/,1.758,reclamacions-queixas-e-suxestions@8667.html
Galicia,La Coruña,Sobrado (A Coruña),https://www.sobrado.es/,1.758,solicitude-de-puntos-de-luz@9667.html
Galicia,La Coruña,Sobrado (A Coruña),https://www.sobrado.es/,1.758,solicitude-do-servizo-de-axuda-a-domicilio@0767.html
Galicia,La Coruña,Sobrado (A Coruña),https://www.sobrado.es/,1.758,verificacion-de-documentos@1767.html
Galicia,La Coruña,Sobrado (A Coruña),https://www.sobrado.es/,1.758,telefonos-y-enderezos@3267.html
Galicia,La Coruña,Sobrado (A Coruña),https://www.sobrado.es/,1.758,axenda@4267.html
Galicia,La Coruña,Sobrado (A Coruña),https://www.sobrado.es/,1.758,saudo-do-alcalde@8067.html
Galicia,La Coruña,Sobrado (A Coruña),https://www.sobrado.es/,1.758,situacion@9267.html
Galicia,La Coruña,Sobrado (A Coruña),https://www.sobrado.es/,1.758,servicios@0367.html
Galicia,La Coruña,Sobrado (A Coruña),https://www.sobrado.es/,1.758,bandos@1367.html
Galicia,La Coruña,Sobrado (A Coruña),https://www.sobrado.es/,1.758,historia@2367.html
Galicia,La Coruña,Sobrado (A Coruña),https://www.sobrado.es/,1.758,portal-de-transparencia@0077.html
Galicia,La Coruña,Sobrado (A Coruña),https://www.sobrado.es/,1.758,fiestas-parroquiales@8077.html
Galicia,La Coruña,Sobrado (A Coruña),https://www.sobrado.es/,1.758,accesibilidade@9367.html
Galicia,La Coruña,Sobrado (A Coruña),https://www.sobrado.es/,1.758,aviso-legal@0467.html
Galicia,La Coruña,Sobrado (A Coruña),https://www.sobrado.es/,1.758,politica-de-privacidade@1467.html
Galicia,La Coruña,Sobrado (A Coruña),https://www.sobrado.es/,1.758,politica-de-cookies@6277.html
Galicia,La Coruña,Sobrado (A Coruña),https://www.sobrado.es/,1.758,reclamacions-queixas-e-suxestions@3767.html
Galicia,La Coruña,Sobrado (A Coruña),https://www.sobrado.es/,1.758,solicitude-de-puntos-de-luz@4767.html
Galicia,La Coruña,Sobrado (A Coruña),https://www.sobrado.es/,1.758,solicitude-do-servizo-de-axuda-a-domicilio@5767.html
Galicia,La Coruña,Sobrado (A Coruña),https://www.sobrado.es/,1.758,verificacion-de-documentos@6767.html
Galicia,La Coruña,Sobrado (A Coruña),https://www.sobrado.es/,1.758,volante-de-empadroamento@7767.html
Galicia,La Coruña,Sobrado (A Coruña),https://www.sobrado.es/,1.758,phone-numbers-and-addresses@4467.html
Galicia,La Coruña,Sobrado (A Coruña),https://www.sobrado.es/,1.758,calendar@5467.html
Galicia,La Coruña,Sobrado (A Coruña),https://www.sobrado.es/,1.758,contact@6467.html
Galicia,La Coruña,Sobrado (A Coruña),https://www.sobrado.es/,1.758,message-of-the-institution@9467.html
Galicia,La Coruña,Sobrado (A Coruña),https://www.sobrado.es/,1.758,location@0567.html
Galicia,La Coruña,Sobrado (A Coruña),https://www.sobrado.es/,1.758,services@1567.html
Galicia,La Coruña,Sobrado (A Coruña),https://www.sobrado.es/,1.758,history@3567.html
Galicia,La Coruña,Sobrado (A Coruña),https://www.sobrado.es/,1.758,notices@2567.html
Galicia,La Coruña,Sobrado (A Coruña),https://www.sobrado.es/,1.758,northern-way-of-saint-james@1277.html
Galicia,La Coruña,Sobrado (A Coruña),https://www.sobrado.es/,1.758,accessibility@9567.html
Galicia,La Coruña,Sobrado (A Coruña),https://www.sobrado.es/,1.758,legal-warning@0667.html
Galicia,La Coruña,Sobrado (A Coruña),https://www.sobrado.es/,1.758,privacy-policy@1667.html
Galicia,La Coruña,Sobrado (A Coruña),https://www.sobrado.es/,1.758,politica-de-cookies@7277.html
Galicia,La Coruña,Sobrado (A Coruña),https://www.sobrado.es/,1.758,info@monbus.es
Galicia,La Coruña,Sobrado (A Coruña),https://www.sobrado.es/,1.758,casaomeson@yahoo.es
Galicia,La Coruña,Sobrado (A Coruña),https://www.sobrado.es/,1.758,satrebordinos@gmail.com
Galicia,La Coruña,Sobrado (A Coruña),https://www.sobrado.es/,1.758,info@casaquinto.net
Galicia,La Coruña,Sobrado (A Coruña),https://www.sobrado.es/,1.758,hotelsanmarcus@gmail.com
Galicia,La Coruña,Sobrado (A Coruña),https://www.sobrado.es/,1.758,alberguelecer@gmail.com
Galicia,La Coruña,Sobrado (A Coruña),https://www.sobrado.es/,1.758,ocso.sobrado@gmail.com
Galicia,La Coruña,Sobrado (A Coruña),https://www.sobrado.es/,1.758,abeirodaloba@gmail.com
Galicia,La Coruña,Sobrado (A Coruña),https://www.sobrado.es/,1.758,info@casadoqueixo.com
Galicia,La Coruña,Sobrado (A Coruña),https://www.sobrado.es/,1.758,casademillares@gmail.com
Galicia,La Coruña,Sobrado (A Coruña),https://www.sobrado.es/,1.758,museobearey@museobearey.es
Galicia,La Coruña,Sobrado (A Coruña),https://www.sobrado.es/,1.758,mercasobrado@gmail.com
Galicia,La Coruña,Sobrado (A Coruña),https://www.sobrado.es/,1.758,oscar.ramos@sobrado.es
Galicia,La Coruña,Sobrado (A Coruña),https://www.sobrado.es/,1.758,servizos.sociais@sobrado.dicoruna.es
Galicia,La Coruña,Sobrado (A Coruña),https://www.sobrado.es/,1.758,turismosobrado@gmail.com
Galicia,La Coruña,Sobrado (A Coruña),https://www.sobrado.es/,1.758,victor.cabanas@sobrado.es
Galicia,La Coruña,Sobrado (A Coruña),https://www.sobrado.es/,1.758,protecciondedatos@ariasavogados.com
Galicia,La Coruña,Teo,https://www.teo.gal/,18.579,a.v.p.c.teo@gmail.com
Galicia,La Coruña,Teo,https://www.teo.gal/,18.579,lingua@teo.gal
Galicia,La Coruña,Teo,https://www.teo.gal/,18.579,arquivomunicipal@teo.gal
Galicia,La Coruña,Teo,https://www.teo.gal/,18.579,atenciontempera@teo.gal
Galicia,La Coruña,Teo,https://www.teo.gal/,18.579,augasdeteo@teo.gal
Galicia,La Coruña,Teo,https://www.teo.gal/,18.579,auladeinformatica@teo.gal
Galicia,La Coruña,Teo,https://www.teo.gal/,18.579,aedl@teo.gal
Galicia,La Coruña,Teo,https://www.teo.gal/,18.579,servizossociais@teo.gal
Galicia,La Coruña,Teo,https://www.teo.gal/,18.579,reservas.casas.comuns@teo.gal
Galicia,La Coruña,Teo,https://www.teo.gal/,18.579,cim@teo.gal
Galicia,La Coruña,Teo,https://www.teo.gal/,18.579,cultura@teo.gal
Galicia,La Coruña,Teo,https://www.teo.gal/,18.579,deportes@teo.gal
Galicia,La Coruña,Teo,https://www.teo.gal/,18.579,educacionfamiliar@teo.gal
Galicia,La Coruña,Teo,https://www.teo.gal/,18.579,eimteo@teo.gal
Galicia,La Coruña,Teo,https://www.teo.gal/,18.579,medioambiente@teo.gal
Galicia,La Coruña,Teo,https://www.teo.gal/,18.579,mocidade@teo.gal
Galicia,La Coruña,Teo,https://www.teo.gal/,18.579,omic@teo.gal
Galicia,La Coruña,Teo,https://www.teo.gal/,18.579,orientacionlaboral@teo.gal
Galicia,La Coruña,Teo,https://www.teo.gal/,18.579,policia@teo.gal
Galicia,La Coruña,Teo,https://www.teo.gal/,18.579,lirolo@provivenda.org
Galicia,La Coruña,Teo,https://www.teo.gal/,18.579,proteccioncivil@teo.gal
Galicia,La Coruña,Teo,https://www.teo.gal/,18.579,mobilidade@teo.gal
Galicia,La Coruña,Teo,https://www.teo.gal/,18.579,mediateca@teo.gal
Galicia,La Coruña,Teo,https://www.teo.gal/,18.579,bibliotecatilos@teo.gal
Galicia,La Coruña,Teo,https://www.teo.gal/,18.579,orientacionlaboral.concellodeteo@teo.gal
Galicia,La Coruña,Teo,https://www.teo.gal/,18.579,politicalinguistica@teo.gal
Galicia,La Coruña,Teo,https://www.teo.gal/,18.579,alcaldia@teo.gal
Galicia,La Coruña,Teo,https://www.teo.gal/,18.579,rogeliolema@teo.gal
Galicia,La Coruña,Teo,https://www.teo.gal/,18.579,josemanuelguerra@teo.gal
Galicia,La Coruña,Teo,https://www.teo.gal/,18.579,angelbarreiro@teo.gal
Galicia,La Coruña,Teo,https://www.teo.gal/,18.579,margaritarosende@teo.gal
Galicia,La Coruña,Teo,https://www.teo.gal/,18.579,mariavazquez@teo.gal
Galicia,La Coruña,Teo,https://www.teo.gal/,18.579,geluchogomez@teo.gal
Galicia,La Coruña,Teo,https://www.teo.gal/,18.579,teresacastro@teo.gal
Galicia,La Coruña,Teo,https://www.teo.gal/,18.579,juancerqueiro@teo.gal
Galicia,La Coruña,Teo,https://www.teo.gal/,18.579,maiteargibay@teo.gal
Galicia,La Coruña,Teo,https://www.teo.gal/,18.579,montseregueiro@teo.gal
Galicia,La Coruña,Teo,https://www.teo.gal/,18.579,pablosalgueiro@teo.gal
Galicia,La Coruña,Teo,https://www.teo.gal/,18.579,eloidevesa@teo.gal
Galicia,La Coruña,Teo,https://www.teo.gal/,18.579,noeliacastano@teo.gal
Galicia,La Coruña,Teo,https://www.teo.gal/,18.579,oscarperez@teo.gal
Galicia,La Coruña,Teo,https://www.teo.gal/,18.579,marialopez@teo.gal
Galicia,La Coruña,Teo,https://www.teo.gal/,18.579,albertorivadulla@teo.gal
Galicia,La Coruña,Toques,https://toques.gal/,1.124,correo@toques.gal
Galicia,La Coruña,Toques,https://toques.gal/,1.124,correo@toques.es
Galicia,La Coruña,Toques,https://toques.gal/,1.124,protecciondedatos@ariasavogados.com
Galicia,La Coruña,Touro,https://concellodetouro.com/,3.574,correo@concellodetouro.gal
Galicia,La Coruña,Touro,https://concellodetouro.com/,3.574,turismo@concellodetouro.gal
Galicia,La Coruña,Touro,https://concellodetouro.com/,3.574,servizos.sociais@touro.dicoruna.es
Galicia,La Coruña,Val do Dubra,https://valdodubra.gal/,3.876,correo@valdodubra.gal
Galicia,La Coruña,Val do Dubra,https://valdodubra.gal/,3.876,alcaldia@valdodubra.gal
Galicia,La Coruña,Val do Dubra,https://valdodubra.gal/,3.876,cultura.deportes@valdodubra.gal
Galicia,La Coruña,Val do Dubra,https://valdodubra.gal/,3.876,emprego@valdodubra.gal
Galicia,La Coruña,Val do Dubra,https://valdodubra.gal/,3.876,estatistica@valdodubra.gal
Galicia,La Coruña,Val do Dubra,https://valdodubra.gal/,3.876,informatica@valdodubra.gal
Galicia,La Coruña,Val do Dubra,https://valdodubra.gal/,3.876,intervencion@valdodubra.gal
Galicia,La Coruña,Val do Dubra,https://valdodubra.gal/,3.876,normalizacion.linguistica@valdodubra.gal
Galicia,La Coruña,Val do Dubra,https://valdodubra.gal/,3.876,proteccion.civil@valdodubra.gal
Galicia,La Coruña,Val do Dubra,https://valdodubra.gal/,3.876,secretaria@valdodubra.gal
Galicia,La Coruña,Val do Dubra,https://valdodubra.gal/,3.876,servizos.sociais@valdodubra.gal
Galicia,La Coruña,Val do Dubra,https://valdodubra.gal/,3.876,andrea.muino@valdodubra.gal
Galicia,La Coruña,Val do Dubra,https://valdodubra.gal/,3.876,jesus.nieto@valdodubra.gal
Galicia,La Coruña,Val do Dubra,https://valdodubra.gal/,3.876,orientacion.laboral@valdodubra.gal
Galicia,La Coruña,Val do Dubra,https://valdodubra.gal/,3.876,valdodubra@rbgalicia.org
Galicia,La Coruña,Val do Dubra,https://valdodubra.gal/,3.876,escola.infantil@valdodubra.gal
Galicia,La Coruña,Val do Dubra,https://valdodubra.gal/,3.876,isabel.iglesias@valdodubra.gal
Galicia,La Coruña,Val do Dubra,https://valdodubra.gal/,3.876,carmen.noya@valdodubra.gal
Galicia,La Coruña,Val do Dubra,https://valdodubra.gal/,3.876,ualdade@valdodubra.gal
Galicia,La Coruña,Val do Dubra,https://valdodubra.gal/,3.876,igualdade@valdodubra.gal
Galicia,La Coruña,Vedra,https://www.concellodevedra.es/,5.036,alcaldia@concellodevedra.gal
Galicia,La Coruña,Vedra,https://www.concellodevedra.es/,5.036,manuel.costa@concellodevedra.gal
Galicia,La Coruña,Vedra,https://www.concellodevedra.es/,5.036,enrique.vazquez@concellodevedra.gal
Galicia,La Coruña,Vedra,https://www.concellodevedra.es/,5.036,manuel.gonzalez@concellodevedra.gal
Galicia,La Coruña,Vedra,https://www.concellodevedra.es/,5.036,susana.lema@concellodevedra.gal
Galicia,La Coruña,Vedra,https://www.concellodevedra.es/,5.036,diana.varela@concellodevedra.gal
Galicia,La Coruña,Vedra,https://www.concellodevedra.es/,5.036,juan.cernadas@concellodevedra.gal
Galicia,La Coruña,Vedra,https://www.concellodevedra.es/,5.036,jose.caldelas@concellodevedra.gal
Galicia,La Coruña,Vedra,https://www.concellodevedra.es/,5.036,cultura@concellodevedra.com
Galicia,La Coruña,Vedra,https://www.concellodevedra.es/,5.036,carmen.sabio@concellodevedra.com
Galicia,La Coruña,Vedra,https://www.concellodevedra.es/,5.036,cruz.vilas@vedra.dicoruna.es
Galicia,La Coruña,Vedra,https://www.concellodevedra.es/,5.036,novas@concellodevedra.com
Galicia,La Coruña,Vedra,https://www.concellodevedra.es/,5.036,voluntariado@concellodevedra.com
Galicia,La Coruña,Vedra,https://www.concellodevedra.es/,5.036,cpi.vedra@edu.xunta.es
Galicia,La Coruña,Vedra,https://www.concellodevedra.es/,5.036,ceip.ortigueira@edu.xunta.es
Galicia,La Coruña,Vedra,https://www.concellodevedra.es/,5.036,vedra@cativos.com
Galicia,La Coruña,Vedra,https://www.concellodevedra.es/,5.036,casadospeons@concellodevedra.com
Galicia,La Coruña,Vedra,https://www.concellodevedra.es/,5.036,tarxetabenvida.familia@xunta.gal
Galicia,La Coruña,Vedra,https://www.concellodevedra.es/,5.036,vedracultural@gmail.com
Galicia,La Coruña,Vedra,https://www.concellodevedra.es/,5.036,correo@concellodevedra.gal
Galicia,La Coruña,Vilarmaior,http://concellodevilarmaior.es/,1.226,correo@vilarmaior.es
Galicia,La Coruña,Vilasantar,https://vilasantar.gal/,1.213,correo@vilasantar.com
Galicia,La Coruña,Vilasantar,https://vilasantar.gal/,1.213,deportes@dacoruna.gal
Galicia,La Coruña,Vilasantar,https://vilasantar.gal/,1.213,eiro@gmail.com
Galicia,La Coruña,Vilasantar,https://vilasantar.gal/,1.213,contacto@hospedajecaba.com
Galicia,La Coruña,Vilasantar,https://vilasantar.gal/,1.213,info@apontiga.com
Galicia,La Coruña,Vilasantar,https://vilasantar.gal/,1.213,serviciossociais@vilasantar.com
Galicia,La Coruña,Vilasantar,https://vilasantar.gal/,1.213,xuventude@vilasantar.com
Galicia,La Coruña,Vilasantar,https://vilasantar.gal/,1.213,trinidad.veiras.freire@vilasantar.com
Galicia,La Coruña,Vilasantar,https://vilasantar.gal/,1.213,urbanismo@vilasantar.com
Galicia,La Coruña,Vilasantar,https://vilasantar.gal/,1.213,biblioteca@vilasantar.com
Galicia,La Coruña,Vilasantar,https://vilasantar.gal/,1.213,comunicacion@vilasantar.gal
Galicia,La Coruña,Vimianzo,https://www.vimianzo.gal/,7.057,manuel.antelo@hotmail.es
Galicia,La Coruña,Vimianzo,https://www.vimianzo.gal/,7.057,canalonesarias@hotmail.com
Galicia,La Coruña,Vimianzo,https://www.vimianzo.gal/,7.057,lcampio@hormail.com
Galicia,La Coruña,Vimianzo,https://www.vimianzo.gal/,7.057,pacovimianzotm@gmail.com
Galicia,La Coruña,Vimianzo,https://www.vimianzo.gal/,7.057,raquelvimianzo@gmail.com
Galicia,La Coruña,Vimianzo,https://www.vimianzo.gal/,7.057,carlosformosomartinez@gmail.com
Galicia,La Coruña,Vimianzo,https://www.vimianzo.gal/,7.057,info@agabemoda.es
Galicia,La Coruña,Vimianzo,https://www.vimianzo.gal/,7.057,opticarjomil@yahoo.es
Galicia,La Coruña,Vimianzo,https://www.vimianzo.gal/,7.057,ies.fernando.blanco@edu.xunta.gal
Galicia,La Coruña,Vimianzo,https://www.vimianzo.gal/,7.057,mastercarril@gmail.com
Galicia,La Coruña,Vimianzo,https://www.vimianzo.gal/,7.057,cvsantacomba@gmail.com
Galicia,La Coruña,Vimianzo,https://www.vimianzo.gal/,7.057,rrhh@joalper.es
Galicia,La Coruña,Vimianzo,https://www.vimianzo.gal/,7.057,administracion@asaglab.com
Galicia,La Coruña,Vimianzo,https://www.vimianzo.gal/,7.057,example@hotmail.com
Galicia,La Coruña,Vimianzo,https://www.vimianzo.gal/,7.057,desenvolvemento.local@vimianzo.gal
Galicia,La Coruña,Vimianzo,https://www.vimianzo.gal/,7.057,Factur@e.exe
Galicia,La Coruña,Vimianzo,https://www.vimianzo.gal/,7.057,biblioteca@vimianzo.gal
Galicia,La Coruña,Vimianzo,https://www.vimianzo.gal/,7.057,cultura@vimianzo.gal
Galicia,La Coruña,Vimianzo,https://www.vimianzo.gal/,7.057,ximnasio@vimianzo.es
Galicia,La Coruña,Vimianzo,https://www.vimianzo.gal/,7.057,ximnasio@vimianzo.gal
Galicia,La Coruña,Vimianzo,https://www.vimianzo.gal/,7.057,deportes@vimianzo.es
Galicia,La Coruña,Vimianzo,https://www.vimianzo.gal/,7.057,deportes@vimianzo.gal
Galicia,La Coruña,Vimianzo,https://www.vimianzo.gal/,7.057,margarita.seijas@camarinas.net
Galicia,La Coruña,Vimianzo,https://www.vimianzo.gal/,7.057,medio.rural@vimianzo.gal
Galicia,La Coruña,Vimianzo,https://www.vimianzo.gal/,7.057,omic@vimianzo.es
Galicia,La Coruña,Vimianzo,https://www.vimianzo.gal/,7.057,omic@vimianzo.gal
Galicia,La Coruña,Vimianzo,https://www.vimianzo.gal/,7.057,ximnasiomunicipal@vimianzo.gal
Galicia,La Coruña,Vimianzo,https://www.vimianzo.gal/,7.057,oficina0153@bancopastor.es
Galicia,La Coruña,Vimianzo,https://www.vimianzo.gal/,7.057,02388216@bancopastor.es
Galicia,La Coruña,Vimianzo,https://www.vimianzo.gal/,7.057,onosofuturo@camarinas.net
Galicia,La Coruña,Vimianzo,https://www.vimianzo.gal/,7.057,rosa.sanchez@vimianzo.gal
