comunidad,provincia,municipio,dominio,email
Galicia,La Coruña,A Baña,https://www.concellodabana.gal/index.php/es/,correo@abana.dicoruna.es
Galicia,La Coruña,A Baña,https://www.concellodabana.gal/index.php/es/,correo@concellodabana.gal
Galicia,La Coruña,A Baña,https://www.concellodabana.gal/index.php/es/,su-email@mail.com
Galicia,La Coruña,A Baña,https://www.concellodabana.gal/index.php/es/,deportes@concellodabana.gal
Galicia,La Coruña,A Baña,https://www.concellodabana.gal/index.php/es/,xuventude@concellodabana.gal
Galicia,La Coruña,A Baña,https://www.concellodabana.gal/index.php/es/,monica.tome@concellodabana.gal
Galicia,La Coruña,A Baña,https://www.concellodabana.gal/index.php/es/,orientacion.laboral@concellodabana.gal
Galicia,La Coruña,A Baña,https://www.concellodabana.gal/index.php/es/,pai@concellodabana.gal
Galicia,La Coruña,A Baña,https://www.concellodabana.gal/index.php/es/,cra.coristanco-santacomba@edu.xunta.gal
Galicia,La Coruña,A Baña,https://www.concellodabana.gal/index.php/es/,maria.moral@concellodabana.gal
Galicia,La Coruña,A Baña,https://www.concellodabana.gal/index.php/es/,servizos.sociais@concellodabana.gal
Galicia,La Coruña,A Baña,https://www.concellodabana.gal/index.php/es/,cpi.san.vicente@edu.xunta.gal
Galicia,La Coruña,A Baña,https://www.concellodabana.gal/index.php/es/,joseantonio.pereira@concellodabana.gal
Galicia,La Coruña,A Baña,https://www.concellodabana.gal/index.php/es/,monica.gonzalez@concellodabana.gal
Galicia,La Coruña,A Baña,https://www.concellodabana.gal/index.php/es/,jesus.pena@concellodabana.gal
Galicia,La Coruña,A Baña,https://www.concellodabana.gal/index.php/es/,vanesa.gil@concellodabana.gal
Galicia,La Coruña,A Baña,https://www.concellodabana.gal/index.php/es/,alvaro.silva@concellodabana.gal
Galicia,La Coruña,A Baña,https://www.concellodabana.gal/index.php/es/,ana.pensado@concellodabana.gal
Galicia,La Coruña,A Baña,https://www.concellodabana.gal/index.php/es/,joseandres.garcia@concellodabana.gal
Galicia,La Coruña,A Baña,https://www.concellodabana.gal/index.php/es/,alberto.blanco@concellodabana.gal
Galicia,La Coruña,A Baña,https://www.concellodabana.gal/index.php/es/,patricia.lois@concellodabana.gal
Galicia,La Coruña,A Baña,https://www.concellodabana.gal/index.php/es/,francisco.perez@concellodabana.gal
Galicia,La Coruña,A Baña,https://www.concellodabana.gal/index.php/es/,belen.capeans@concellodabana.gal
Galicia,La Coruña,A Baña,https://www.concellodabana.gal/index.php/es/,alicia.blanco@concellodabana.gal
Galicia,La Coruña,A Baña,https://www.concellodabana.gal/index.php/es/,lorena.trillo@concellodabana.gal
Galicia,La Coruña,A Baña,https://www.concellodabana.gal/index.php/es/,info@ofolgo.es
Galicia,La Coruña,A Baña,https://www.concellodabana.gal/index.php/es/,suitedemonte@gmail.com
Galicia,La Coruña,A Baña,https://www.concellodabana.gal/index.php/es/,contacto@aribeiradotambre.es
Galicia,La Coruña,A Baña,https://www.concellodabana.gal/index.php/es/,contacto@casadovinculeiro.com
Galicia,La Coruña,A Baña,https://www.concellodabana.gal/index.php/es/,CORREO@CONCELLODABANA.GAL
Galicia,La Coruña,A Baña,https://www.concellodabana.gal/index.php/es/,dpd@concellodabana.gal
Galicia,La Coruña,Abegondo,https://abegondo.gal/,oficinacl@ve-1030x1030.jpg
Galicia,La Coruña,Abegondo,https://abegondo.gal/,oficinacl@ve-300x300.jpg
Galicia,La Coruña,Abegondo,https://abegondo.gal/,oficinacl@ve-80x80.jpg
Galicia,La Coruña,Abegondo,https://abegondo.gal/,oficinacl@ve-768x768.jpg
Galicia,La Coruña,Abegondo,https://abegondo.gal/,oficinacl@ve-36x36.jpg
Galicia,La Coruña,Abegondo,https://abegondo.gal/,oficinacl@ve-180x180.jpg
Galicia,La Coruña,Abegondo,https://abegondo.gal/,oficinacl@ve-705x705.jpg
Galicia,La Coruña,Abegondo,https://abegondo.gal/,oficinacl@ve.jpg
Galicia,La Coruña,Abegondo,https://abegondo.gal/,cultura@abegondo.gal
Galicia,La Coruña,Abegondo,https://abegondo.gal/,cemit.abegondo@xunta.gal
Galicia,La Coruña,Abegondo,https://abegondo.gal/,contratacion@abegondo.es
Galicia,La Coruña,Abegondo,https://abegondo.gal/,contratacion@abegondo.gal
Galicia,La Coruña,Abegondo,https://abegondo.gal/,alcaldia@abegondo.es
Galicia,La Coruña,Abegondo,https://abegondo.gal/,aula.natureza@abegondo.es
Galicia,La Coruña,Abegondo,https://abegondo.gal/,dpd@abegondo.gal
Galicia,La Coruña,A Capela,https://concellodacapela.es/,concello@concellodacapela.es
Galicia,La Coruña,A Capela,https://concellodacapela.es/,ceip.mosteiro.caaveiro@edu.xunta.es
Galicia,La Coruña,A Capela,https://concellodacapela.es/,empresas@grupocapela.com
Galicia,La Coruña,A Capela,https://concellodacapela.es/,acapela.coworking@gmail.com
Galicia,La Coruña,A Capela,https://concellodacapela.es/,biblioteca.dacapela@gmail.com
Galicia,La Coruña,A Capela,https://concellodacapela.es/,alcaldia@concellodacapela.es
